equipamento_id,revisao,horimetro_execucao,data_execucao
EH-07,R250,7695,2026-09-11
EH-07,R500,7660,2026-09-07
EH-07,R1000,7140,2026-07-11
EH-07,R2000,6750,2026-05-29
EH-07,R3000,6950,2026-06-20
EH-07,R6000,5150,2025-12-02
EH-09,R250,4965,2026-09-11
EH-09,R500,4930,2026-09-07
EH-09,R1000,4410,2026-07-11
EH-09,R2000,4020,2026-05-29
EH-09,R3000,4220,2026-06-20
EH-09,R6000,2420,2025-12-02
EH-11,R250,9555,2026-09-20
EH-11,R500,9405,2026-09-03
EH-11,R1000,9010,2026-07-21
EH-11,R2000,8870,2026-07-06
EH-11,R3000,7500,2026-02-03
EH-11,R6000,6330,2025-09-26
EH-13,R250,3135,2026-09-20
EH-13,R500,2985,2026-09-03
EH-13,R1000,2590,2026-07-21
EH-13,R2000,2450,2026-07-06
EH-13,R3000,1080,2026-02-03
TE-02,R250,12300,2026-09-08
TE-02,R500,11840,2026-07-19
TE-02,R1000,11840,2026-07-19
TE-02,R2000,11720,2026-07-06
TE-05,R250,8715,2026-09-11
TE-05,R500,8680,2026-09-07
TE-05,R1000,8160,2026-07-11
TE-05,R2000,7770,2026-05-29
CR-03,R250,14142,2026-09-08
CR-03,R500,14045,2026-08-28
CR-03,R1000,14020,2026-08-26
CR-03,R2000,13420,2026-06-20
CR-04,R250,11685,2026-09-20
CR-04,R500,11535,2026-09-03
CR-04,R1000,11140,2026-07-21
CR-04,R2000,11000,2026-07-06
CR-06,R250,16785,2026-09-11
CR-06,R500,16750,2026-09-07
CR-06,R1000,16230,2026-07-11
CR-06,R2000,15840,2026-05-29
CB-12,R200,4320,2026-09-21
CB-12,R300,4245,2026-09-13
CB-12,R600,4008,2026-08-18
CB-12,R1200,3924,2026-08-08
CB-14,R200,6660,2026-09-21
CB-14,R300,6585,2026-09-13
CB-14,R600,6348,2026-08-18
CB-14,R1200,6264,2026-08-08
CB-15,R200,6415,2026-09-18
CB-15,R300,6319,2026-09-07
CB-15,R600,6277,2026-09-03
CB-15,R1200,5653,2026-06-25
CB-21,R200,2808,2026-09-12
CB-21,R300,2785,2026-09-10
CB-21,R600,2770,2026-09-08
CB-21,R1200,2410,2026-07-30
CB-22,R200,2868,2026-09-12
CB-22,R300,2845,2026-09-10
CB-22,R600,2830,2026-09-08
CB-22,R1200,2470,2026-07-30
